{"cameraMode":{"drawMode":0,"name":"Shaded","section":"Shading Mode"},"sceneLighting":true,"audioPlay":false,"sceneViewState":{"m_AlwaysRefresh":false,"showFog":true,"showSkybox":true,"showFlares":true,"showImageEffects":true,"showParticleSystems":true,"showVisualEffectGraphs":true,"m_FxEnabled":true},"in2DMode":false,"pivot":{"x":5.375756740570068,"y":-33.069602966308597,"z":-23.726299285888673},"rotation":{"x":-0.006844164803624153,"y":-0.8904081583023071,"z":0.45613977313041689,"w":-0.015179773792624474},"size":31.224987030029298,"orthographic":false}